id,first name,last_name,email,gender,ip_address
1,Cacilia,Linkie,clinkie0@ft.com,Female,186.10.240.137
2,Tully,Doelle,tdoelle1@altervista.org,Male,144.55.16.187
3,Martynne,Strang,mstrang2@pen.io,Female,76.120.199.146
4,Harvey,Demageard,hdemageard3@alexa.com,Agender,232.47.108.102
5,Audry,Castenda,acastenda4@forbes.com,Female,223.113.249.252
6,Twila,Lorenzini,tlorenzini5@ow.ly,Female,228.96.220.14
7,Amargo,Gabbot,agabbot6@senate.gov,Female,110.154.68.132
8,Cornela,Leppard,cleppard7@i2i.jp,Agender,173.82.101.229
9,Katherine,Tremoulet,ktremoulet8@bizjournals.com,Female,33.135.218.32
10,Drew,Vauls,dvauls9@pinterest.com,Male,215.35.63.141
11,Dara,Slayton,dslaytona@cbsnews.com,Female,168.252.130.113
12,Suzanne,Creffield,screffieldb@skyrock.com,Female,255.122.6.27
13,Claus,Hairsine,chairsinec@oakley.com,Male,154.166.100.86
14,Vidovik,Pinckstone,vpinckstoned@plala.or.jp,Male,59.27.217.192
15,Elinore,Thaxton,ethaxtone@dailymail.co.uk,Female,192.223.170.221
16,Cord,Dehm,cdehmf@ihg.com,Male,134.205.79.78
17,Clerc,Kleine,ckleineg@hc360.com,Male,133.191.27.2
18,Milzie,Philippou,mphilippouh@nationalgeographic.com,Female,25.39.80.109
19,Winonah,De Witt,wdewitti@lulu.com,Female,113.118.148.46
20,Mahalia,Tupp,mtuppj@weebly.com,Female,197.23.223.114
21,Blondelle,Rougier,brougierk@printfriendly.com,Female,235.56.87.11
22,Eugen,Presshaugh,epresshaughl@phoca.cz,Agender,41.142.196.48
23,Roosevelt,Tedahl,rtedahlm@paginegialle.it,Male,47.73.75.233
24,Ambrosio,Warman,awarmann@godaddy.com,Male,208.203.251.82
25,Trent,Harrowing,tharrowingo@jimdo.com,Male,10.228.120.105
26,Bradney,Schruur,bschruurp@fastcompany.com,Male,91.89.217.3
27,Lucy,Balcon,lbalconq@clickbank.net,Female,239.134.212.219
28,Far,Szymoni,fszymonir@stanford.edu,Genderfluid,62.19.10.70
29,Mata,Aitkenhead,maitkenheads@umn.edu,Male,10.49.82.153
30,Vlad,Hembling,vhemblingt@biglobe.ne.jp,Male,67.142.70.129
31,Buck,Cottis,bcottisu@diigo.com,Male,76.135.140.201
32,Tallie,Forson,tforsonv@devhub.com,Agender,41.198.255.3
33,Marcelline,Blackster,mblacksterw@statcounter.com,Female,150.0.86.160
34,Wynny,Dench,wdenchx@blinklist.com,Female,5.232.207.144
35,Hermione,Kumaar,hkumaary@techcrunch.com,Female,41.174.154.201
36,Gregoire,Seagrave,gseagravez@eventbrite.com,Male,73.37.191.189
37,Lauri,Durber,ldurber10@1688.com,Female,219.15.137.233
38,Freddie,Wahlberg,fwahlberg11@gizmodo.com,Male,154.68.195.251
39,Gauthier,Ramet,gramet12@about.com,Male,134.176.141.224
40,Kerri,Prover,kprover13@vinaora.com,Female,19.176.180.72
41,Quent,Mabbe,qmabbe14@elegantthemes.com,Male,24.225.75.180
42,Rae,Ducker,rducker15@nytimes.com,Female,162.222.4.43
43,Natka,Roskelly,nroskelly16@cyberchimps.com,Female,89.90.157.120
44,Cordi,O'Currigan,cocurrigan17@walmart.com,Polygender,176.67.243.160
45,Gerhardine,Dalloway,gdalloway18@wikipedia.org,Female,232.37.163.22
46,Gerri,Egdal,gegdal19@phpbb.com,Male,68.63.35.9
47,Neddy,Kenworth,nkenworth1a@purevolume.com,Male,81.253.89.190
48,Brigit,Coggeshall,bcoggeshall1b@bbc.co.uk,Female,87.212.217.184
49,Granger,Nicklen,gnicklen1c@istockphoto.com,Non-binary,2.218.151.26
50,Kelby,Wollacott,kwollacott1d@foxnews.com,Male,57.186.135.90
51,Ferguson,Infante,finfante1e@amazonaws.com,Male,206.37.171.68
52,Bev,Jessop,bjessop1f@wordpress.org,Male,71.244.116.25
53,Cathe,Preuvost,cpreuvost1g@qq.com,Female,55.169.235.65
54,Ware,Gonsalo,wgonsalo1h@ocn.ne.jp,Male,232.8.81.125
55,Bryana,Ellery,bellery1i@ocn.ne.jp,Female,162.211.245.8
56,Bastien,Shipp,bshipp1j@mac.com,Male,252.149.156.227
57,Clemmy,Hamelyn,chamelyn1k@behance.net,Female,36.203.4.20
58,Nicolais,Ridolfo,nridolfo1l@epa.gov,Male,28.248.251.251
59,Staford,Samme,ssamme1m@nhs.uk,Male,107.119.7.88
60,Deb,McClaughlin,dmcclaughlin1n@xinhuanet.com,Genderqueer,134.62.69.184
61,Ava,Watterson,awatterson1o@omniture.com,Genderqueer,219.171.45.24
62,Prisca,Jurzyk,pjurzyk1p@squidoo.com,Female,237.249.37.9
63,Den,Shrubsall,dshrubsall1q@yellowbook.com,Male,239.31.23.220
64,Miner,Yeabsley,myeabsley1r@artisteer.com,Male,22.139.54.113
65,Tabbie,Padrick,tpadrick1s@epa.gov,Male,116.255.197.149
66,Hubie,Foot,hfoot1t@nature.com,Male,35.10.181.47
67,Arron,Baxstar,abaxstar1u@macromedia.com,Male,89.30.129.217
68,Marguerite,Lorie,mlorie1v@fda.gov,Female,192.219.190.186
69,Yale,Huncote,yhuncote1w@sourceforge.net,Male,249.183.76.100
70,Thelma,Hazelton,thazelton1x@vinaora.com,Female,205.106.72.26
71,Marion,Henze,mhenze1y@irs.gov,Female,140.157.46.208
72,Garnet,Minter,gminter1z@fotki.com,Female,63.182.110.2
73,Nolie,Hitzschke,nhitzschke20@usa.gov,Female,243.242.84.77
74,Dal,Van Geffen,dvangeffen21@hud.gov,Male,116.103.54.102
75,Ase,Scripture,ascripture22@huffingtonpost.com,Male,88.112.26.66
76,Cayla,Issatt,cissatt23@jugem.jp,Female,115.221.120.133
77,Luciano,Peres,lperes24@ow.ly,Male,95.134.93.120
78,Berti,Mattheissen,bmattheissen25@smh.com.au,Polygender,59.158.68.216
79,Etan,Edington,eedington26@mediafire.com,Male,159.5.232.196
80,Tildie,Solland,tsolland27@technorati.com,Female,35.168.209.113
81,Kelci,Raiston,kraiston28@mozilla.com,Female,8.43.165.105
82,Rudie,Heymes,rheymes29@typepad.com,Male,102.222.53.78
83,Morna,Bellard,mbellard2a@networksolutions.com,Female,100.248.33.241
84,Sianna,Burleton,sburleton2b@nymag.com,Female,15.51.69.52
85,Zacherie,Dreinan,zdreinan2c@redcross.org,Male,116.5.117.181
86,Ami,Tyrie,atyrie2d@sogou.com,Female,65.196.242.7
87,Denni,Goodrum,dgoodrum2e@cbc.ca,Female,12.178.71.227
88,Alta,Drexel,adrexel2f@cyberchimps.com,Female,189.180.245.177
89,Gregor,Bearman,gbearman2g@opensource.org,Male,109.25.99.122
90,Hermy,Chambers,hchambers2h@omniture.com,Bigender,77.127.192.233
91,Carie,Swaile,cswaile2i@barnesandnoble.com,Female,91.184.39.39
92,Svend,Scoates,sscoates2j@sohu.com,Male,233.17.83.157
93,Margit,Lamport,mlamport2k@cdbaby.com,Female,212.61.117.210
94,Towney,Underdown,tunderdown2l@usda.gov,Male,127.196.128.67
95,Nickie,Perfili,nperfili2m@microsoft.com,Male,101.190.157.121
96,Willabella,Trustrie,wtrustrie2n@tripod.com,Female,174.11.244.158
97,Ansel,Sedwick,asedwick2o@4shared.com,Male,70.196.155.70
98,Rodolph,Bowcher,rbowcher2p@nsw.gov.au,Male,19.8.132.218
99,Skelly,Pardoe,spardoe2q@weibo.com,Male,19.189.143.8
100,Stanislaw,Di Giacomettino,sdigiacomettino2r@alexa.com,Male,38.219.240.146
101,Stanley,Bilbrey,sbilbrey2s@blinklist.com,Male,107.180.28.83
102,Ophelia,Feldman,ofeldman2t@moonfruit.com,Female,38.33.100.60
103,Antonina,Arnauduc,aarnauduc2u@rambler.ru,Female,166.180.234.80
104,Ryon,Carruth,rcarruth2v@icq.com,Male,140.66.79.51
105,Diandra,Grewes,dgrewes2w@ycombinator.com,Female,246.96.102.99
106,Wakefield,Valencia,wvalencia2x@mail.ru,Male,101.251.94.84
107,Nicki,Aldwick,naldwick2y@seesaa.net,Female,109.218.102.128
108,Adair,Bosden,abosden2z@flavors.me,Male,207.206.205.158
109,Denis,Itzchaki,ditzchaki30@biblegateway.com,Male,8.126.240.53
110,Alvy,Wapples,awapples31@shinystat.com,Male,44.23.183.141
111,Gibby,Redit,gredit32@ca.gov,Male,24.30.164.201
112,Iggy,McLinden,imclinden33@webs.com,Genderfluid,20.120.180.167
113,Addison,Robatham,arobatham34@github.io,Male,17.222.35.111
114,Blondelle,Jacks,bjacks35@yellowpages.com,Genderqueer,162.255.126.165
115,Cale,Radmer,cradmer36@mlb.com,Male,34.255.5.192
116,Miguela,Veltmann,mveltmann37@uol.com.br,Non-binary,104.64.225.215
117,Vinita,Gimbrett,vgimbrett38@shutterfly.com,Female,114.101.7.0
118,Elfie,Fend,efend39@cyberchimps.com,Female,87.194.202.21
119,Mufinella,Morbey,mmorbey3a@creativecommons.org,Female,140.86.142.7
120,Fanechka,Greggor,fgreggor3b@utexas.edu,Female,178.194.241.238
121,Verine,Morrieson,vmorrieson3c@cbslocal.com,Female,210.3.166.24
122,Korie,Pugsley,kpugsley3d@sbwire.com,Female,240.97.161.139
123,Dahlia,Pestricke,dpestricke3e@jugem.jp,Female,208.253.207.137
124,Ddene,Eckh,deckh3f@walmart.com,Female,86.92.72.3
125,Conney,Stitson,cstitson3g@sbwire.com,Male,241.252.222.68
126,Gypsy,Parsall,gparsall3h@businessinsider.com,Female,72.95.242.112
127,Salomi,Livingstone,slivingstone3i@aboutads.info,Female,127.114.100.236
128,Ugo,Murray,umurray3j@cocolog-nifty.com,Male,168.167.81.82
129,Staci,Bickerdicke,sbickerdicke3k@mozilla.com,Female,28.104.24.118
130,Dedra,Cockrem,dcockrem3l@exblog.jp,Female,192.52.42.207
131,Helyn,Slate,hslate3m@newsvine.com,Female,142.135.42.51
132,Carley,Pinner,cpinner3n@privacy.gov.au,Female,42.122.140.43
133,Hugh,Locket,hlocket3o@is.gd,Male,137.31.12.127
134,Alair,Shimwall,ashimwall3p@google.it,Agender,214.161.60.176
135,Laureen,Peasnone,lpeasnone3q@dedecms.com,Female,20.32.93.143
136,Johnna,Backes,jbackes3r@youtu.be,Female,107.106.250.59
137,Bryn,Hixson,bhixson3s@joomla.org,Polygender,51.28.176.240
138,Patty,Miranda,pmiranda3t@t.co,Male,254.79.24.138
139,Coraline,Crookall,ccrookall3u@businessinsider.com,Female,112.207.162.155
140,Padgett,Acutt,pacutt3v@archive.org,Male,42.185.176.33
141,Ciro,Hewell,chewell3w@nba.com,Bigender,98.47.136.220
142,Audre,Leguay,aleguay3x@wisc.edu,Female,161.158.240.202
143,Wenonah,Bariball,wbariball3y@mysql.com,Female,35.40.255.149
144,Murial,Cymper,mcymper3z@wufoo.com,Female,121.66.191.119
145,Bartie,Doag,bdoag40@theglobeandmail.com,Male,109.65.248.217
146,Germain,Ferrandez,gferrandez41@unicef.org,Male,175.94.77.168
147,Margit,Andreoletti,mandreoletti42@tmall.com,Female,174.36.37.70
148,Sibella,Wyse,swyse43@walmart.com,Female,224.5.147.124
149,Nils,Ponten,nponten44@phoca.cz,Male,3.3.122.179
150,Sybil,Cordero,scordero45@hibu.com,Female,231.235.21.92
151,Cornie,Vamplus,cvamplus46@umich.edu,Male,153.190.48.58
152,Brockie,Dickie,bdickie47@senate.gov,Agender,224.29.78.140
153,Laney,Spurr,lspurr48@nationalgeographic.com,Male,194.63.233.236
154,Ortensia,Oret,ooret49@hatena.ne.jp,Female,249.30.121.5
155,Harland,Gilardi,hgilardi4a@fc2.com,Male,67.186.48.61
156,Daune,Degg,ddegg4b@pinterest.com,Female,39.149.247.76
157,Franky,Pagden,fpagden4c@bbb.org,Female,234.169.86.21
158,Fawn,Bairstow,fbairstow4d@jalbum.net,Female,42.12.251.243
159,Isadora,Najafian,inajafian4e@instagram.com,Female,118.154.124.109
160,Kandace,Grossman,kgrossman4f@boston.com,Female,247.65.204.107
161,Rawley,Kerley,rkerley4g@msn.com,Male,119.85.233.216
162,Rosamond,Summersett,rsummersett4h@histats.com,Female,234.211.77.179
163,Fredek,Beste,fbeste4i@slideshare.net,Male,229.118.242.31
164,Zebulen,Florentine,zflorentine4j@thetimes.co.uk,Male,178.77.36.197
165,Vidovik,Pluthero,vpluthero4k@skyrock.com,Male,124.38.11.69
166,Tam,Kelsell,tkelsell4l@mapquest.com,Male,219.226.115.170
167,Kelbee,Barrs,kbarrs4m@posterous.com,Bigender,10.205.56.161
168,Xever,Brittian,xbrittian4n@sitemeter.com,Male,166.249.160.32
169,Beniamino,Sizzey,bsizzey4o@marriott.com,Male,65.233.42.26
170,Ardyth,Isakson,aisakson4p@printfriendly.com,Female,190.56.215.2
171,Zita,Godman,zgodman4q@archive.org,Female,248.72.110.191
172,Mel,Dekeyser,mdekeyser4r@loc.gov,Female,226.89.116.244
173,Janie,Burgne,jburgne4s@mozilla.org,Polygender,23.171.142.193
174,Lanette,Tripett,ltripett4t@blogs.com,Female,160.254.162.238
175,Web,Durston,wdurston4u@techcrunch.com,Male,27.184.189.2
176,Mathias,McDyer,mmcdyer4v@dmoz.org,Male,130.68.172.62
177,Reagan,Beckinsale,rbeckinsale4w@patch.com,Agender,135.28.37.222
178,Ingelbert,Ride,iride4x@newyorker.com,Male,101.36.233.7
179,Karalynn,Gorrissen,kgorrissen4y@prweb.com,Female,108.123.238.247
180,Barbie,Cluet,bcluet4z@vistaprint.com,Female,192.112.117.73
181,Dot,Karpenko,dkarpenko50@infoseek.co.jp,Female,51.149.39.17
182,Oliver,Kliche,okliche51@github.com,Male,174.205.96.75
183,Milo,Gribbon,mgribbon52@e-recht24.de,Male,169.166.123.6
184,Geralda,Adds,gadds53@upenn.edu,Female,233.211.251.192
185,Eldin,Buchan,ebuchan54@blogs.com,Male,239.164.143.30
186,Percy,Feria,pferia55@photobucket.com,Non-binary,115.55.161.42
187,Claudian,Shreeves,cshreeves56@apple.com,Bigender,189.17.173.38
188,Kai,Niave,kniave57@ted.com,Female,81.207.169.123
189,Neal,Dightham,ndightham58@vimeo.com,Male,1.57.154.22
190,Melodee,Ruslen,mruslen59@google.pl,Female,153.13.112.7
191,Wolfie,Manby,wmanby5a@soundcloud.com,Male,173.134.76.83
192,Jessamyn,Bartrop,jbartrop5b@cdbaby.com,Polygender,227.106.113.50
193,Karleen,Joire,kjoire5c@census.gov,Female,246.157.106.31
194,Stevy,Secombe,ssecombe5d@opera.com,Male,116.130.31.11
195,Quillan,Button,qbutton5e@scientificamerican.com,Male,169.127.60.40
196,Ellie,Michell,emichell5f@sogou.com,Female,102.80.60.37
197,Robena,Forrester,rforrester5g@studiopress.com,Female,168.27.31.156
198,Reilly,Arden,rarden5h@virginia.edu,Male,174.69.193.39
199,Justinian,Lucia,jlucia5i@discovery.com,Male,211.71.153.3
200,Riki,Roan,rroan5j@sogou.com,Female,160.24.13.106
201,Banky,Jindra,bjindra5k@umn.edu,Male,166.93.73.41
202,Teador,Arno,tarno5l@mlb.com,Male,221.197.36.122
203,Paton,Shorrock,pshorrock5m@mediafire.com,Male,116.224.29.66
204,Rania,Brockley,rbrockley5n@i2i.jp,Female,230.39.225.59
205,Danya,Scutter,dscutter5o@livejournal.com,Female,221.58.189.188
206,Monique,Paule,mpaule5p@mlb.com,Female,45.110.135.43
207,Lou,Ilyasov,lilyasov5q@hibu.com,Bigender,52.7.85.145
208,Armin,MacDermot,amacdermot5r@indiatimes.com,Male,136.3.22.49
209,Thatch,Meates,tmeates5s@adobe.com,Bigender,186.5.9.177
210,Eve,Rapsey,erapsey5t@gmpg.org,Female,70.54.142.87
211,Kippar,Showalter,kshowalter5u@rakuten.co.jp,Male,201.248.5.18
212,Wally,Critch,wcritch5v@list-manage.com,Genderqueer,134.109.56.212
213,Valdemar,Vakhrushin,vvakhrushin5w@google.nl,Bigender,116.105.151.93
214,Rolando,Ivison,rivison5x@ucsd.edu,Male,113.253.70.115
215,Ardenia,Caillou,acaillou5y@bloglines.com,Female,91.159.183.244
216,Bea,Ferriday,bferriday5z@mozilla.org,Female,13.116.122.149
217,Nelle,Sowden,nsowden60@themeforest.net,Female,110.166.182.43
218,Tuesday,Sisson,tsisson61@spiegel.de,Female,107.79.111.66
219,Frans,Esposi,fesposi62@google.com.br,Male,43.175.129.93
220,Gerri,Grodden,ggrodden63@list-manage.com,Male,72.74.198.143
221,Mathian,Balstone,mbalstone64@example.com,Male,131.57.121.170
222,Burty,Crickmer,bcrickmer65@bloomberg.com,Polygender,206.38.35.81
223,Dasha,Yakolev,dyakolev66@bloglovin.com,Female,110.102.112.46
224,Skipp,Klampt,sklampt67@senate.gov,Male,191.214.81.8
225,Eleonore,Richings,erichings68@joomla.org,Female,18.85.189.87
226,Erminia,Parks,eparks69@wired.com,Female,44.156.121.177
227,Gussi,O'Bradane,gobradane6a@reverbnation.com,Female,122.46.122.127
228,Celestyn,Troughton,ctroughton6b@seattletimes.com,Female,68.149.184.2
229,Kristopher,Limrick,klimrick6c@sohu.com,Male,49.120.15.235
230,Elwood,Kacheler,ekacheler6d@mashable.com,Male,55.44.78.209
231,Levey,Aysik,laysik6e@canalblog.com,Male,175.218.217.248
232,Panchito,Cossum,pcossum6f@so-net.ne.jp,Male,230.229.5.161
233,Yance,Dureden,ydureden6g@gmpg.org,Male,216.165.1.138
234,Greg,Summerhayes,gsummerhayes6h@reference.com,Non-binary,31.63.152.128
235,Enoch,Gabotti,egabotti6i@dyndns.org,Male,17.83.225.17
236,Hildagard,Dunlap,hdunlap6j@blogs.com,Female,75.35.62.163
237,Wyatt,Mawne,wmawne6k@w3.org,Male,3.54.101.121
238,Garfield,Riepl,griepl6l@wufoo.com,Male,152.118.126.89
239,Baldwin,De Biasi,bdebiasi6m@ameblo.jp,Male,218.20.235.45
240,Marietta,Duchateau,mduchateau6n@blinklist.com,Non-binary,4.197.163.164
241,Betsy,Beavan,bbeavan6o@examiner.com,Female,22.179.138.115
242,Chalmers,Gouge,cgouge6p@tuttocitta.it,Male,177.197.62.113
243,Erina,Sommerling,esommerling6q@epa.gov,Female,96.174.53.253
244,Brooke,McGoon,bmcgoon6r@bloglovin.com,Male,108.32.168.11
245,Inna,Abrahamian,iabrahamian6s@xrea.com,Female,104.202.37.206
246,Willi,Coakley,wcoakley6t@bizjournals.com,Female,11.199.46.41
247,Dacie,Hanshawe,dhanshawe6u@infoseek.co.jp,Female,170.69.26.167
248,Amelita,Dignum,adignum6v@jimdo.com,Female,85.126.31.49
249,Andres,Balaisot,abalaisot6w@amazon.co.uk,Male,197.85.6.237
250,Cordy,Adamik,cadamik6x@tinyurl.com,Female,217.180.170.67
251,Donny,Antley,dantley6y@disqus.com,Male,27.179.8.219
252,Auria,Wressell,awressell6z@auda.org.au,Female,108.166.64.57
253,Jillian,Tilley,jtilley70@quantcast.com,Female,220.63.149.177
254,Peadar,Kempe,pkempe71@guardian.co.uk,Male,119.213.30.206
255,Pascale,Jeaneau,pjeaneau72@deliciousdays.com,Male,181.241.135.194
256,Price,Jacob,pjacob73@slashdot.org,Male,12.49.86.88
257,Major,Gallaher,mgallaher74@bing.com,Male,248.177.0.148
258,Frazer,Goundry,fgoundry75@sohu.com,Male,9.158.184.111
259,Sherm,Pinniger,spinniger76@geocities.com,Male,209.47.172.77
260,Constantina,Parfrey,cparfrey77@spiegel.de,Female,39.120.118.58
261,Olvan,Blaydon,oblaydon78@alexa.com,Male,171.106.241.246
262,Joelie,Aikin,jaikin79@usgs.gov,Female,207.119.122.190
263,Kennan,Batie,kbatie7a@imgur.com,Male,70.151.222.118
264,Justis,Spelsbury,jspelsbury7b@ox.ac.uk,Male,136.178.101.141
265,Denna,Innett,dinnett7c@myspace.com,Female,246.234.157.71
266,Cassandry,Jako,cjako7d@sitemeter.com,Female,58.217.30.19
267,Jessamine,Treker,jtreker7e@creativecommons.org,Bigender,196.142.12.75
268,Giffer,Ginni,gginni7f@technorati.com,Male,63.211.19.228
269,Mandi,Spenley,mspenley7g@posterous.com,Female,10.134.179.128
270,Farr,Jacobssen,fjacobssen7h@imageshack.us,Male,196.28.30.79
271,Ahmed,Sewell,asewell7i@xrea.com,Male,129.109.103.106
272,Pierson,Penvarden,ppenvarden7j@dagondesign.com,Male,152.225.84.181
273,Diahann,Kindleysides,dkindleysides7k@sogou.com,Agender,44.153.49.91
274,Silas,Graben,sgraben7l@technorati.com,Male,71.67.135.225
275,Courtenay,Fulleylove,cfulleylove7m@mediafire.com,Female,226.236.188.235
276,Caro,Iwaszkiewicz,ciwaszkiewicz7n@google.com.au,Female,26.120.109.102
277,Curtis,Hullah,chullah7o@altervista.org,Male,85.170.132.149
278,Agosto,Hendrikse,ahendrikse7p@dion.ne.jp,Male,111.197.120.45
279,Jehanna,Parfitt,jparfitt7q@purevolume.com,Female,166.20.107.38
280,Yancy,Savaage,ysavaage7r@sitemeter.com,Male,69.57.166.196
281,Tam,Jewis,tjewis7s@dmoz.org,Male,225.31.7.207
282,Jannelle,MacAleese,jmacaleese7t@infoseek.co.jp,Female,130.114.244.113
283,Abigale,Beckles,abeckles7u@gravatar.com,Female,191.254.42.10
284,Fredrick,Innot,finnot7v@whitehouse.gov,Male,170.236.129.64
285,Zelma,Keddie,zkeddie7w@goo.ne.jp,Female,18.6.237.67
286,Pembroke,Hawke,phawke7x@yolasite.com,Male,187.238.215.92
287,Giavani,Popelay,gpopelay7y@live.com,Male,167.103.71.168
288,Amalia,Martinek,amartinek7z@xing.com,Female,18.224.23.13
289,Claudine,Dadswell,cdadswell80@w3.org,Female,252.212.45.217
290,Jolie,Beckett,jbeckett81@hexun.com,Female,103.236.151.181
291,Deena,Medlin,dmedlin82@diigo.com,Female,1.152.105.79
292,Lenka,Andrusyak,landrusyak83@hibu.com,Female,84.221.154.173
293,Palmer,Giblin,pgiblin84@netscape.com,Male,158.31.95.147
294,Towney,Gut,tgut85@tripod.com,Male,236.24.166.22
295,Julia,Yelden,jyelden86@ebay.com,Female,41.166.232.128
296,Juditha,Broomer,jbroomer87@csmonitor.com,Female,218.128.137.61
297,Liv,Frayne,lfrayne88@bluehost.com,Female,25.250.55.152
298,Nicky,Breydin,nbreydin89@1und1.de,Male,52.146.235.85
299,Kylila,Rennels,krennels8a@prnewswire.com,Female,127.130.158.45
300,Victor,McTeer,vmcteer8b@bloglovin.com,Male,248.197.55.201
301,Kattie,Beasleigh,kbeasleigh8c@alibaba.com,Female,171.5.59.75
302,Jordain,Akker,jakker8d@slate.com,Female,102.34.110.110
303,Shanon,MacMechan,smacmechan8e@macromedia.com,Female,13.25.86.61
304,Padraic,Styant,pstyant8f@yelp.com,Male,50.82.126.117
305,Bear,McIntosh,bmcintosh8g@ted.com,Genderfluid,111.117.176.69
306,Syman,Rutledge,srutledge8h@miitbeian.gov.cn,Male,199.69.201.200
307,Taddeo,Staner,tstaner8i@aol.com,Male,235.95.252.66
308,Matthias,Erlam,merlam8j@twitter.com,Male,179.197.84.142
309,Dilan,Escolme,descolme8k@imgur.com,Male,128.150.74.31
310,Sara,Kas,skas8l@jugem.jp,Female,20.46.230.132
311,Melicent,Dennison,mdennison8m@blogs.com,Female,37.183.67.232
312,Allis,Berzen,aberzen8n@parallels.com,Female,90.191.224.216
313,Elaine,Western,ewestern8o@jiathis.com,Female,27.18.252.163
314,Sherwood,Fipp,sfipp8p@examiner.com,Male,63.219.208.48
315,Edithe,Syddall,esyddall8q@ning.com,Female,74.27.103.59
316,Catha,Leport,cleport8r@hud.gov,Bigender,190.250.86.34
317,Moise,Bransgrove,mbransgrove8s@army.mil,Male,107.46.186.85
318,Art,Drieu,adrieu8t@nps.gov,Male,229.162.182.59
319,Jard,Palleske,jpalleske8u@bizjournals.com,Male,253.201.220.123
320,Sadye,Debney,sdebney8v@purevolume.com,Female,107.55.111.107
321,Brear,Domaschke,bdomaschke8w@spotify.com,Genderfluid,64.13.5.187
322,Anitra,MacAlinden,amacalinden8x@timesonline.co.uk,Female,216.34.18.182
323,Madella,Peppard,mpeppard8y@blog.com,Female,40.154.251.168
324,Danny,Seabon,dseabon8z@msu.edu,Female,12.190.241.168
325,Lind,Bubear,lbubear90@ocn.ne.jp,Polygender,127.223.230.48
326,Zacharie,Abbe,zabbe91@google.pl,Male,151.67.174.170
327,Dav,Nottingham,dnottingham92@mysql.com,Male,180.222.110.40
328,Massimiliano,Connop,mconnop93@example.com,Male,213.117.188.133
329,Godard,Witz,gwitz94@google.pl,Male,107.8.237.132
330,Rad,Lennox,rlennox95@netscape.com,Male,49.218.43.157
331,Sallyann,Espadero,sespadero96@xing.com,Female,110.217.126.33
332,Consuelo,Claye,cclaye97@youtu.be,Female,211.43.236.129
333,Garnette,Ivanyushin,givanyushin98@spotify.com,Female,205.202.202.140
334,Gunner,Cops,gcops99@linkedin.com,Male,116.177.87.199
335,Mariette,Corse,mcorse9a@1688.com,Agender,89.86.54.176
336,Scot,Mumbray,smumbray9b@freewebs.com,Male,161.39.162.204
337,Sol,Catt,scatt9c@telegraph.co.uk,Male,68.12.14.174
338,Joell,Crystal,jcrystal9d@mayoclinic.com,Female,133.203.230.191
339,Knox,Pyott,kpyott9e@amazon.co.uk,Male,1.98.164.95
340,Kore,Coolican,kcoolican9f@vk.com,Female,90.217.65.2
341,Marlene,Maypes,mmaypes9g@dyndns.org,Female,125.133.209.45
342,Tuesday,Richen,trichen9h@friendfeed.com,Female,198.200.42.222
343,Jesse,Denslow,jdenslow9i@dot.gov,Male,13.107.170.218
344,Annemarie,Heffernon,aheffernon9j@house.gov,Female,65.42.10.58
345,Keenan,Blackall,kblackall9k@ustream.tv,Male,238.34.166.188
346,Tallulah,Paradise,tparadise9l@twitter.com,Female,254.2.175.221
347,Babara,Elsley,belsley9m@instagram.com,Female,180.55.213.10
348,Arlen,Zannuto,azannuto9n@friendfeed.com,Male,218.100.28.117
349,Thorin,Mulder,tmulder9o@vinaora.com,Male,95.77.127.75
350,Nissa,Danilin,ndanilin9p@earthlink.net,Female,97.212.117.39
351,Dinnie,Perfect,dperfect9q@vk.com,Female,117.217.132.215
352,Pepi,Dyter,pdyter9r@nhs.uk,Female,250.254.238.210
353,Gordan,Lammerts,glammerts9s@europa.eu,Male,161.160.62.40
354,Dalt,Adcock,dadcock9t@ifeng.com,Male,79.241.250.147
355,Tony,Massen,tmassen9u@tiny.cc,Male,92.214.191.214
356,Odessa,Ondrak,oondrak9v@about.com,Female,53.167.133.40
357,Benjy,MacMurray,bmacmurray9w@wired.com,Male,213.241.242.159
358,Benedict,Kamena,bkamena9x@mtv.com,Male,110.148.92.211
359,Eugenia,Slora,eslora9y@cdbaby.com,Female,251.69.190.8
360,Whitney,King,wking9z@networksolutions.com,Female,129.227.217.141
361,Benedict,Dyball,bdyballa0@tripadvisor.com,Male,222.19.218.196
362,Wright,Masic,wmasica1@bravesites.com,Male,164.172.217.145
363,James,Rowcastle,jrowcastlea2@slate.com,Male,151.41.201.124
364,Randolph,Stoffel,rstoffela3@weibo.com,Male,198.176.58.190
365,Dolf,Sketch,dsketcha4@macromedia.com,Male,129.49.185.252
366,Berri,Mattiassi,bmattiassia5@craigslist.org,Female,140.167.3.248
367,Cob,Burkett,cburketta6@kickstarter.com,Male,91.156.216.178
368,Lee,Stiggers,lstiggersa7@so-net.ne.jp,Male,84.232.120.108
369,Shermie,Roder,srodera8@joomla.org,Male,239.222.70.93
370,Cass,Dimitriades,cdimitriadesa9@qq.com,Female,57.63.208.233
371,Tamqrah,Pablos,tpablosaa@phpbb.com,Female,57.227.98.249
372,Reggis,Avrahamy,ravrahamyab@bluehost.com,Male,173.37.34.69
373,Gaston,Neachell,gneachellac@usnews.com,Male,58.155.145.24
374,Bridgette,Blevin,bblevinad@sun.com,Female,154.143.52.141
375,Valle,Izaks,vizaksae@marketwatch.com,Non-binary,151.92.203.185
376,Andreas,Le Clercq,aleclercqaf@skyrock.com,Bigender,42.61.104.189
377,Lanae,Slyne,lslyneag@spotify.com,Female,159.27.89.222
378,Kristofor,Boldock,kboldockah@sitemeter.com,Male,248.7.174.125
379,Prescott,Pavia,ppaviaai@barnesandnoble.com,Male,172.236.40.90
380,Goldina,Shireff,gshireffaj@unc.edu,Polygender,204.174.157.19
381,Daren,Gilmour,dgilmourak@elpais.com,Male,174.34.0.31
382,Dot,Ivantyev,divantyeval@cbc.ca,Female,6.100.253.191
383,Aubine,Bhatia,abhatiaam@unc.edu,Female,147.106.214.196
384,Lorianne,Greaterex,lgreaterexan@digg.com,Female,107.104.109.183
385,Sutherlan,Maggi,smaggiao@cafepress.com,Male,199.57.128.89
386,Jacklin,Wondraschek,jwondraschekap@amazon.co.jp,Female,18.70.241.103
387,Guglielma,Kee,gkeeaq@latimes.com,Female,86.70.174.25
388,Issiah,Fillary,ifillaryar@unicef.org,Genderfluid,89.61.32.145
389,Travus,Brandassi,tbrandassias@multiply.com,Male,8.3.46.14
390,Harmony,Castle,hcastleat@narod.ru,Female,139.80.211.181
391,Klaus,Penberthy,kpenberthyau@marriott.com,Male,26.23.131.173
392,Karlotte,Woodier,kwoodierav@pagesperso-orange.fr,Female,156.240.229.154
393,Ardys,Gillfillan,agillfillanaw@wordpress.org,Polygender,209.63.188.219
394,Markos,Patten,mpattenax@github.io,Male,107.133.150.29
395,Torey,Stent,tstentay@homestead.com,Female,18.69.135.172
396,Daren,Ritchings,dritchingsaz@squidoo.com,Male,254.59.235.255
397,Arlen,Janzen,ajanzenb0@stumbleupon.com,Male,72.187.205.178
398,Abraham,Marmion,amarmionb1@live.com,Male,36.21.132.175
399,Rebekah,Hubatsch,rhubatschb2@discuz.net,Female,36.155.54.59
400,Mendy,Matthaus,mmatthausb3@mit.edu,Non-binary,172.82.201.175
401,Britteny,Gaisford,bgaisfordb4@newsvine.com,Genderfluid,90.74.245.23
402,Bern,Ghilks,bghilksb5@tmall.com,Male,35.190.245.63
403,Ashby,Bilbie,abilbieb6@paypal.com,Male,120.50.142.160
404,Risa,Mishow,rmishowb7@apache.org,Female,104.134.194.152
405,Lyssa,Dallimare,ldallimareb8@disqus.com,Female,244.68.32.36
406,Jamesy,Jacquemard,jjacquemardb9@imdb.com,Male,28.68.125.1
407,Melva,Tal,mtalba@nifty.com,Female,137.227.26.58
408,Aubine,Hariot,ahariotbb@e-recht24.de,Agender,159.228.46.209
409,Bobby,Wardle,bwardlebc@about.com,Female,158.57.181.4
410,Dottie,Augustin,daugustinbd@amazon.co.uk,Female,104.117.88.157
411,Virgilio,Ferrarini,vferrarinibe@accuweather.com,Male,79.115.69.29
412,Cristionna,Lunn,clunnbf@drupal.org,Female,147.235.127.167
413,Dyna,Renshaw,drenshawbg@naver.com,Female,29.66.231.116
414,Idelle,Carlone,icarlonebh@go.com,Female,17.133.52.169
415,Sharon,Leeds,sleedsbi@homestead.com,Female,247.190.139.115
416,Flem,Hartzenberg,fhartzenbergbj@mozilla.com,Genderfluid,133.252.6.225
417,Tedie,Colliar,tcolliarbk@creativecommons.org,Male,108.153.64.30
418,Korrie,Rodenhurst,krodenhurstbl@shop-pro.jp,Female,244.13.215.204
419,Kyla,Beveredge,kbeveredgebm@prlog.org,Female,47.234.209.132
420,Dawn,Kupis,dkupisbn@japanpost.jp,Female,229.111.22.142
421,Kasper,Ferraretto,kferrarettobo@blog.com,Male,114.71.141.113
422,Silvanus,Chappell,schappellbp@sohu.com,Male,4.31.36.51
423,Christyna,Ciobutaru,cciobutarubq@slashdot.org,Female,233.42.207.105
424,Carmine,Brereton,cbreretonbr@google.pl,Female,109.82.147.249
425,Emera,Castaneda,ecastanedabs@oakley.com,Female,154.20.200.36
426,Gwyneth,Tice,gticebt@digg.com,Female,95.189.222.237
427,Oates,Somersett,osomersettbu@statcounter.com,Male,140.161.52.212
428,Irvin,Jannequin,ijannequinbv@123-reg.co.uk,Male,162.223.3.211
429,Moll,Faye,mfayebw@mapquest.com,Female,139.172.137.137
430,Jilly,Defraine,jdefrainebx@youku.com,Polygender,72.109.39.36
431,Anatollo,Jelkes,ajelkesby@house.gov,Male,253.136.97.81
432,Meggi,Sage,msagebz@woothemes.com,Female,176.204.216.159
433,Frankie,McComiskey,fmccomiskeyc0@mtv.com,Female,89.22.2.33
434,Romy,Checklin,rchecklinc1@bloomberg.com,Female,160.54.132.194
435,Darn,Uebel,duebelc2@friendfeed.com,Male,198.70.250.241
436,Tierney,Hegg,theggc3@alexa.com,Female,111.180.129.149
437,Arlena,Borthwick,aborthwickc4@cloudflare.com,Genderqueer,14.20.121.71
438,Jarid,Owtram,jowtramc5@nyu.edu,Male,253.203.252.103
439,Heddi,Steed,hsteedc6@utexas.edu,Female,95.149.28.166
440,Welbie,Matzel,wmatzelc7@bloomberg.com,Male,245.49.48.137
441,Maddy,Vitall,mvitallc8@cpanel.net,Male,226.54.41.13
442,Lucille,Dozdill,ldozdillc9@unblog.fr,Female,100.245.66.9
443,Tracie,Hallums,thallumsca@google.de,Genderfluid,121.134.254.69
444,Hughie,Rubinowitsch,hrubinowitschcb@jugem.jp,Male,175.47.38.109
445,Paul,Bygreaves,pbygreavescc@yandex.ru,Male,193.26.111.95
446,Ingeberg,Woolnough,iwoolnoughcd@rakuten.co.jp,Female,194.251.45.119
447,Cherilyn,Kilfedder,ckilfedderce@amazon.de,Female,150.226.142.151
448,Caron,Harbinson,charbinsoncf@rakuten.co.jp,Female,166.154.229.27
449,Marv,Tame,mtamecg@walmart.com,Male,100.182.87.64
450,Joelynn,Wiltshear,jwiltshearch@mozilla.org,Female,84.93.48.165
451,Nina,Carlone,ncarloneci@newsvine.com,Female,197.123.221.192
452,Marita,Bone,mbonecj@nifty.com,Female,17.125.181.241
453,Dominick,Ramelot,dramelotck@list-manage.com,Male,216.220.243.97
454,Daphene,Raffels,draffelscl@google.com.hk,Female,242.10.206.189
455,Desdemona,Ingray,dingraycm@ucla.edu,Female,143.120.80.170
456,Gilbertine,Goutcher,ggoutchercn@bigcartel.com,Female,44.247.65.96
457,Horst,McKeggie,hmckeggieco@cpanel.net,Male,92.84.131.12
458,Tiebold,Doxey,tdoxeycp@tuttocitta.it,Male,154.175.105.121
459,Brandtr,Chipps,bchippscq@rakuten.co.jp,Male,188.247.113.135
460,Ellsworth,Issac,eissaccr@csmonitor.com,Male,24.130.69.0
461,Billy,Neate,bneatecs@artisteer.com,Male,171.252.228.100
462,Husain,Ketteringham,hketteringhamct@discuz.net,Male,151.57.171.211
463,Elyn,Longson,elongsoncu@chicagotribune.com,Female,220.65.126.94
464,Zenia,Hayselden,zhayseldencv@phpbb.com,Female,42.73.81.142
465,Camilla,Ffoulkes,cffoulkescw@vimeo.com,Female,182.87.4.24
466,Kirsten,St Leger,kstlegercx@state.tx.us,Female,182.187.96.43
467,Erroll,Heggadon,eheggadoncy@technorati.com,Male,101.47.119.179
468,Tilly,Meryett,tmeryettcz@wisc.edu,Female,28.73.233.121
469,Violante,Scotford,vscotfordd0@seesaa.net,Female,118.217.65.19
470,Augusto,Londing,alondingd1@netvibes.com,Male,83.120.244.247
471,Geraldine,Renac,grenacd2@twitpic.com,Female,79.247.209.222
472,Barbette,Blaes,bblaesd3@mit.edu,Female,137.204.145.226
473,Chevalier,Nassey,cnasseyd4@weebly.com,Male,199.179.125.143
474,Bab,Sigert,bsigertd5@globo.com,Female,102.53.124.50
475,Marcus,Clotworthy,mclotworthyd6@aboutads.info,Male,33.244.25.152
476,Justus,Pilpovic,jpilpovicd7@linkedin.com,Male,125.173.161.52
477,Shela,Pozzo,spozzod8@opera.com,Female,166.134.106.11
478,Roy,Oxtoby,roxtobyd9@studiopress.com,Male,35.198.110.166
479,Byran,Josefsson,bjosefssonda@edublogs.org,Male,17.209.237.38
480,Sal,Muzzullo,smuzzullodb@google.com,Male,67.248.10.92
481,Silvie,Espadas,sespadasdc@dot.gov,Female,81.38.1.37
482,Dav,Dukesbury,ddukesburydd@disqus.com,Male,122.13.145.98
483,Burg,Limprecht,blimprechtde@deviantart.com,Male,236.155.197.248
484,Horten,Axleby,haxlebydf@tumblr.com,Male,13.132.130.216
485,Zonnya,Blanking,zblankingdg@deviantart.com,Female,202.118.252.149
486,Pippo,McDougald,pmcdougalddh@independent.co.uk,Male,136.86.78.71
487,Gretal,Smithen,gsmithendi@cbc.ca,Female,214.137.7.230
488,Rici,Lago,rlagodj@intel.com,Female,7.103.94.57
489,Dana,Sherratt,dsherrattdk@ocn.ne.jp,Female,221.131.75.124
490,Susanna,Renney,srenneydl@imageshack.us,Female,110.205.155.169
491,Skyler,Duchart,sduchartdm@clickbank.net,Male,46.193.243.65
492,Kaela,Needs,kneedsdn@constantcontact.com,Female,107.201.96.211
493,Cheslie,Bromehead,cbromeheaddo@reverbnation.com,Female,244.45.63.88
494,Hymie,Kippins,hkippinsdp@tumblr.com,Male,120.62.3.236
495,Vonny,Auchterlonie,vauchterloniedq@blogs.com,Female,228.206.77.67
496,Boony,Bloys,bbloysdr@alexa.com,Male,62.235.81.56
497,Kendre,Slimm,kslimmds@huffingtonpost.com,Female,186.3.191.72
498,Dorelia,Collen,dcollendt@ft.com,Female,3.182.197.70
499,Lucina,Kemson,lkemsondu@ftc.gov,Female,42.224.25.185
500,Selestina,Fanshaw,sfanshawdv@microsoft.com,Female,145.123.144.105
501,Lazare,Leemans,lleemansdw@amazon.de,Male,49.216.131.252
502,Dee,Austins,daustinsdx@surveymonkey.com,Genderfluid,69.17.5.128
503,Codie,Clackson,cclacksondy@nytimes.com,Male,36.219.226.150
504,Elli,Fowles,efowlesdz@jalbum.net,Bigender,126.1.134.172
505,Tore,Comiam,tcomiame0@noaa.gov,Male,216.32.38.2
506,Celinda,Winckles,cwincklese1@yandex.ru,Female,204.168.229.186
507,Valaria,Coen,vcoene2@webs.com,Female,236.86.120.30
508,Minta,Brumbye,mbrumbyee3@flavors.me,Female,187.201.190.51
509,Seline,Starbeck,sstarbecke4@columbia.edu,Female,137.156.126.2
510,Kristel,Bravington,kbravingtone5@wikipedia.org,Female,84.197.255.233
511,Nester,Brunt,nbrunte6@pcworld.com,Male,140.185.87.231
512,Dell,Fontell,dfontelle7@spiegel.de,Female,72.129.115.245
513,Phillipp,Gommery,pgommerye8@furl.net,Non-binary,69.17.47.187
514,Boycie,Carmont,bcarmonte9@rambler.ru,Male,125.231.177.179
515,Sasha,Robiot,srobiotea@skype.com,Male,225.36.19.87
516,Tessi,Cruce,tcruceeb@cocolog-nifty.com,Female,168.248.154.129
517,Abbe,Roncelli,aroncelliec@dropbox.com,Male,7.183.128.27
518,Blinni,Wildsmith,bwildsmithed@xing.com,Female,114.208.154.41
519,Josiah,Celle,jcelleee@umich.edu,Male,251.241.179.217
520,Katheryn,Alexsandrov,kalexsandrovef@storify.com,Female,119.69.44.239
521,Bartholemy,Skehan,bskehaneg@bloglines.com,Male,117.113.181.246
522,Albertina,Peace,apeaceeh@fotki.com,Female,29.54.128.172
523,Regan,Clyne,rclyneei@japanpost.jp,Female,213.116.48.97
524,Artur,Hovenden,ahovendenej@buzzfeed.com,Male,63.35.23.209
525,Fey,Portt,fporttek@tumblr.com,Female,34.204.25.35
526,Blair,Cowill,bcowillel@flavors.me,Male,236.174.142.181
527,Perkin,Liversley,pliversleyem@ucla.edu,Male,95.220.211.170
528,Lemmie,MacCorley,lmaccorleyen@thetimes.co.uk,Male,193.22.230.224
529,Wrennie,Crass,wcrasseo@flickr.com,Female,198.53.102.220
530,Orsola,Divers,odiversep@miibeian.gov.cn,Female,74.107.96.99
531,Ruthy,Jorn,rjorneq@simplemachines.org,Female,130.230.238.173
532,Evangelin,Biskup,ebiskuper@bloglines.com,Female,35.165.22.159
533,Dulciana,Zienkiewicz,dzienkiewiczes@merriam-webster.com,Female,129.22.109.199
534,Orv,Stagge,ostaggeet@shutterfly.com,Male,252.134.246.10
535,Jordana,Bengal,jbengaleu@java.com,Female,232.97.122.1
536,Sofia,Simionescu,ssimionescuev@deliciousdays.com,Female,167.191.112.110
537,Elmo,Joul,ejoulew@nytimes.com,Male,0.190.55.131
538,Ninon,Dyneley,ndyneleyex@irs.gov,Female,62.215.3.5
539,Stanly,Valett,svalettey@mapy.cz,Male,132.243.95.165
540,Rosie,Greeno,rgreenoez@theglobeandmail.com,Female,178.53.75.1
541,Jacki,Denne,jdennef0@go.com,Female,179.101.6.149
542,Allayne,Road,aroadf1@amazon.de,Male,214.141.161.165
543,Sal,Abrahmer,sabrahmerf2@blinklist.com,Male,254.98.25.235
544,Dina,Pulhoster,dpulhosterf3@360.cn,Female,10.127.203.97
545,Garrett,Moir,gmoirf4@linkedin.com,Male,38.50.191.17
546,Milo,Brear,mbrearf5@freewebs.com,Non-binary,76.246.98.80
547,Marielle,Panichelli,mpanichellif6@sciencedirect.com,Female,10.51.70.153
548,Gunter,Bolter,gbolterf7@irs.gov,Male,206.10.179.86
549,Ephrayim,Lemmon,elemmonf8@mashable.com,Male,98.254.211.127
550,Rafaellle,Boumphrey,rboumphreyf9@devhub.com,Male,160.173.226.128
551,Curry,Rushbrook,crushbrookfa@tamu.edu,Male,155.26.176.234
552,Dan,McFarland,dmcfarlandfb@nhs.uk,Male,30.84.129.138
553,Rawley,Buckler,rbucklerfc@skyrock.com,Male,79.33.218.150
554,Guthrey,Have,ghavefd@de.vu,Genderqueer,111.186.235.31
555,Codee,Caveau,ccaveaufe@webeden.co.uk,Female,151.189.134.157
556,Danny,Sinncock,dsinncockff@bizjournals.com,Polygender,158.127.79.136
557,Mina,Dingivan,mdingivanfg@spiegel.de,Female,175.45.77.178
558,Cecelia,Frow,cfrowfh@jugem.jp,Female,178.205.0.176
559,Cobby,Endrizzi,cendrizzifi@xing.com,Male,67.119.198.170
560,Willabella,Tranckle,wtrancklefj@jugem.jp,Female,182.135.153.109
561,Tan,Goundsy,tgoundsyfk@japanpost.jp,Male,252.127.14.161
562,Marlon,Kilgannon,mkilgannonfl@bloglines.com,Male,201.247.66.124
563,Gallagher,Turland,gturlandfm@intel.com,Male,65.39.159.153
564,Giles,Dumberell,gdumberellfn@senate.gov,Male,12.195.229.128
565,Kelsi,Clipsham,kclipshamfo@narod.ru,Female,160.60.172.61
566,Filberto,Maine,fmainefp@dagondesign.com,Male,26.189.213.142
567,Felizio,Soule,fsoulefq@disqus.com,Male,58.213.226.100
568,Karlotte,Leathwood,kleathwoodfr@example.com,Female,129.54.238.192
569,Clyde,Moulsdall,cmoulsdallfs@goo.ne.jp,Male,68.146.24.7
570,Ruby,Kelberman,rkelbermanft@ezinearticles.com,Male,177.98.101.37
571,Mortimer,Hurd,mhurdfu@marketwatch.com,Male,183.126.151.90
572,Konstanze,Surpliss,ksurplissfv@mozilla.com,Female,123.54.25.117
573,Grant,Schultes,gschultesfw@wufoo.com,Male,218.78.118.102
574,Ginni,Golby,ggolbyfx@arizona.edu,Female,234.48.200.227
575,Jaimie,Reyes,jreyesfy@facebook.com,Male,140.215.61.100
576,Flory,Jorcke,fjorckefz@diigo.com,Female,76.15.76.107
577,Katleen,Cardinal,kcardinalg0@abc.net.au,Female,195.95.135.179
578,Auberta,Mossdale,amossdaleg1@youtu.be,Female,49.84.253.184
579,Corrie,Dyster,cdysterg2@dedecms.com,Male,230.108.59.31
580,Osbourne,Crathorne,ocrathorneg3@bigcartel.com,Male,162.114.137.2
581,Cally,Guillot,cguillotg4@goo.gl,Female,82.15.111.173
582,Nada,Randals,nrandalsg5@geocities.com,Female,124.57.154.44
583,Martynne,Sloper,msloperg6@geocities.jp,Female,59.211.131.19
584,Zackariah,Kees,zkeesg7@etsy.com,Male,10.43.136.245
585,Nert,Halfhyde,nhalfhydeg8@wix.com,Female,162.188.246.232
586,Cammie,Pirri,cpirrig9@smugmug.com,Genderqueer,182.242.74.214
587,Kristofer,Von Welden,kvonweldenga@yelp.com,Male,94.69.166.145
588,Eula,Gammack,egammackgb@i2i.jp,Female,248.171.187.89
589,Jojo,Hatfull,jhatfullgc@hatena.ne.jp,Female,31.50.22.99
590,Gabby,D'Hooghe,gdhooghegd@artisteer.com,Male,189.0.53.228
591,Natasha,Byatt,nbyattge@last.fm,Female,193.88.113.17
592,Dayna,Annear,danneargf@nsw.gov.au,Female,157.176.107.200
593,Theobald,Ragate,tragategg@privacy.gov.au,Male,40.253.59.102
594,Eb,Domoni,edomonigh@paypal.com,Male,190.43.132.120
595,Coleman,Naulls,cnaullsgi@mac.com,Non-binary,42.131.56.184
596,Roderic,Sisse,rsissegj@alibaba.com,Male,29.237.94.252
597,Skelly,Kloser,sklosergk@auda.org.au,Male,5.238.164.7
598,Lonee,Bruster,lbrustergl@sun.com,Female,142.143.229.238
599,Obidiah,Setch,osetchgm@scientificamerican.com,Male,18.4.70.164
600,Reilly,Nineham,rninehamgn@unicef.org,Male,157.186.69.222
601,Sybil,Lindeberg,slindeberggo@reference.com,Female,0.248.0.182
602,Kate,Laming,klaminggp@gov.uk,Female,110.64.63.250
603,Anabal,Joao,ajoaogq@linkedin.com,Female,78.59.16.109
604,Don,Caldes,dcaldesgr@wufoo.com,Male,138.174.188.60
605,Prudi,Gratton,pgrattongs@bravesites.com,Female,144.241.85.241
606,Carry,Clewett,cclewettgt@blinklist.com,Female,237.65.90.116
607,Marlon,Yakubovich,myakubovichgu@sogou.com,Male,51.241.22.206
608,Leland,Bulward,lbulwardgv@bloglovin.com,Agender,45.125.100.165
609,Francisca,Chanson,fchansongw@washingtonpost.com,Female,11.177.151.125
610,Karalynn,Jaszczak,kjaszczakgx@artisteer.com,Female,129.76.55.238
611,Leicester,Ditchett,lditchettgy@exblog.jp,Male,128.6.16.103
612,Hyacinth,Le Friec,hlefriecgz@dot.gov,Female,81.236.240.107
613,Joyous,Dirr,jdirrh0@bigcartel.com,Female,140.23.31.176
614,Colet,Brimman,cbrimmanh1@unblog.fr,Male,188.65.237.25
615,Matt,Dilger,mdilgerh2@jigsy.com,Male,226.161.34.160
616,Lynn,Flindall,lflindallh3@java.com,Female,66.78.227.155
617,Jonah,Woodson,jwoodsonh4@yolasite.com,Male,216.153.218.91
618,Olin,Labbez,olabbezh5@bloglovin.com,Male,191.145.87.35
619,Brig,Cowcha,bcowchah6@t.co,Non-binary,52.7.47.153
620,Valaria,Muckeen,vmuckeenh7@scientificamerican.com,Female,103.24.13.236
621,Marcello,Hibbart,mhibbarth8@gizmodo.com,Male,75.70.212.229
622,Erastus,Alvares,ealvaresh9@npr.org,Male,141.240.132.74
623,Giffie,Cake,gcakeha@cnn.com,Male,220.20.26.129
624,Lloyd,Radclyffe,lradclyffehb@posterous.com,Male,255.160.33.242
625,Cecil,Strafford,cstraffordhc@time.com,Male,14.34.215.79
626,Marjie,Kissock,mkissockhd@dyndns.org,Female,90.152.8.228
627,Irvine,Drinkhall,idrinkhallhe@reference.com,Male,57.73.32.38
628,Ashley,Indgs,aindgshf@ted.com,Female,128.19.184.71
629,Aaron,McGriffin,amcgriffinhg@sourceforge.net,Male,84.254.22.236
630,Vallie,Goodier,vgoodierhh@virginia.edu,Female,99.162.233.121
631,Leena,Kyndred,lkyndredhi@ezinearticles.com,Female,210.224.29.183
632,Lyndell,Layburn,llayburnhj@loc.gov,Female,15.70.189.81
633,Mozelle,Borzoni,mborzonihk@tuttocitta.it,Female,23.149.155.115
634,Ruperto,Otterwell,rotterwellhl@ebay.com,Male,240.90.195.188
635,Anabella,Pethick,apethickhm@mit.edu,Female,173.191.26.77
636,Bridgette,Allery,balleryhn@reference.com,Female,67.106.160.100
637,David,Delaney,ddelaneyho@patch.com,Male,184.168.40.9
638,Kile,MacMarcuis,kmacmarcuishp@tuttocitta.it,Agender,48.109.205.47
639,Valentijn,McFetrich,vmcfetrichhq@guardian.co.uk,Male,200.160.253.91
640,Mari,Di Nisco,mdiniscohr@boston.com,Female,184.43.125.53
641,Bucky,Lakeman,blakemanhs@wordpress.org,Male,23.25.158.250
642,Niki,Czaple,nczapleht@example.com,Male,252.84.176.141
643,Dyna,Sadry,dsadryhu@51.la,Female,78.228.181.6
644,Judith,Braden,jbradenhv@google.pl,Female,162.92.73.230
645,Aguistin,Goodwin,agoodwinhw@jigsy.com,Male,86.234.153.33
646,Zacherie,Douglass,zdouglasshx@odnoklassniki.ru,Male,68.133.75.253
647,Malynda,McManus,mmcmanushy@sohu.com,Female,186.166.63.4
648,Noelle,Goutcher,ngoutcherhz@zimbio.com,Female,135.94.59.62
649,Mitchael,Brimner,mbrimneri0@eventbrite.com,Bigender,202.7.177.127
650,Lorette,Kelby,lkelbyi1@ibm.com,Female,202.25.229.47
651,Nerita,Orable,norablei2@paypal.com,Female,171.238.45.142
652,Kayle,Dargue,kdarguei3@storify.com,Female,133.1.255.14
653,Florencia,Rosevear,froseveari4@ovh.net,Female,185.236.177.169
654,Nan,Bursnoll,nbursnolli5@sitemeter.com,Female,161.16.179.128
655,Jabez,Gronous,jgronousi6@opera.com,Male,220.23.58.152
656,Barron,Loadman,bloadmani7@phoca.cz,Male,78.31.177.85
657,Ardelia,Yockney,ayockneyi8@blog.com,Female,245.239.129.2
658,Merci,Pfeiffer,mpfeifferi9@hud.gov,Female,139.139.127.238
659,Benjy,McFaul,bmcfaulia@pbs.org,Male,75.86.83.9
660,Sigfried,Bouette,sbouetteib@aboutads.info,Male,63.168.79.2
661,Georgianne,Dimond,gdimondic@globo.com,Female,78.82.212.90
662,Reina,McArthur,rmcarthurid@ebay.com,Female,215.199.4.91
663,Emelita,Greasley,egreasleyie@spotify.com,Agender,53.252.42.233
664,Deonne,Bickerdyke,dbickerdykeif@gravatar.com,Female,201.75.78.42
665,Corney,Bridel,cbridelig@wiley.com,Male,18.30.195.36
666,Essy,Jannings,ejanningsih@cmu.edu,Female,37.163.145.19
667,Jedidiah,Ovanesian,jovanesianii@chronoengine.com,Male,205.99.30.47
668,Keslie,Greally,kgreallyij@buzzfeed.com,Female,199.182.11.215
669,Patsy,Preddy,ppreddyik@chronoengine.com,Genderqueer,230.161.36.88
670,Michelina,Gamwell,mgamwellil@jimdo.com,Female,122.154.196.16
671,Michele,Pretsell,mpretsellim@who.int,Female,212.35.1.154
672,Padget,Coen,pcoenin@simplemachines.org,Male,223.202.94.10
673,Redford,La Croce,rlacroceio@fastcompany.com,Male,173.243.209.209
674,Barnabe,Liebrecht,bliebrechtip@netlog.com,Male,232.215.223.197
675,Amanda,MacIlraith,amacilraithiq@purevolume.com,Female,123.232.25.137
676,Claire,Oxlee,coxleeir@vk.com,Male,91.94.219.132
677,Arlen,Wilderspoon,awilderspoonis@vistaprint.com,Female,162.201.147.125
678,Darb,Curnnokk,dcurnnokkit@behance.net,Female,11.189.135.130
679,Briana,O'Carrol,bocarroliu@usatoday.com,Female,203.194.89.165
680,Leyla,Ratnege,lratnegeiv@ox.ac.uk,Female,231.243.90.107
681,Ruthi,Finlan,rfinlaniw@tripadvisor.com,Female,159.116.74.173
682,Richardo,Mushart,rmushartix@homestead.com,Male,209.90.37.11
683,Conn,Dedon,cdedoniy@alibaba.com,Male,229.50.216.232
684,Rubi,Cackett,rcackettiz@kickstarter.com,Female,53.210.198.215
685,Meggy,Hordle,mhordlej0@yelp.com,Female,210.235.31.84
686,Ambrosi,Harold,aharoldj1@umn.edu,Male,144.77.96.51
687,Sibyl,Silverstone,ssilverstonej2@webs.com,Female,41.90.221.13
688,Lamar,Dows,ldowsj3@sourceforge.net,Male,103.33.59.19
689,Joli,Vannuccini,jvannuccinij4@booking.com,Female,44.119.102.251
690,Mattias,Sture,msturej5@bravesites.com,Male,91.117.174.119
691,Evvie,Cowpertwait,ecowpertwaitj6@phoca.cz,Female,226.161.91.75
692,Ariana,Doring,adoringj7@prlog.org,Female,201.55.172.101
693,Aylmer,Tarpey,atarpeyj8@skype.com,Bigender,15.11.233.148
694,Dell,Tear,dtearj9@plala.or.jp,Female,42.244.80.60
695,Lazaro,Richemont,lrichemontja@nifty.com,Male,141.55.169.179
696,Doreen,Pettus,dpettusjb@joomla.org,Female,91.123.162.243
697,Laurie,Benedettini,lbenedettinijc@ebay.co.uk,Female,158.159.226.174
698,Sari,MacAvaddy,smacavaddyjd@wordpress.org,Female,208.49.215.174
699,Yuma,Astling,yastlingje@spiegel.de,Male,24.114.108.205
700,Antonin,Smyley,asmyleyjf@adobe.com,Genderfluid,71.125.16.171
701,Marlowe,Mullins,mmullinsjg@mayoclinic.com,Male,12.134.76.119
702,Aloisia,Woolland,awoollandjh@about.me,Female,118.27.74.159
703,Arnaldo,Chattell,achattellji@ustream.tv,Male,136.156.94.196
704,Tamara,Smalman,tsmalmanjj@discovery.com,Female,75.178.54.193
705,Jasper,Yallowley,jyallowleyjk@blogtalkradio.com,Male,15.131.136.61
706,Kala,Munden,kmundenjl@geocities.jp,Female,237.18.211.156
707,Marlyn,Tale,mtalejm@eventbrite.com,Female,108.242.136.138
708,Theodor,Chatenet,tchatenetjn@washington.edu,Male,150.131.109.151
709,Pieter,Sansum,psansumjo@google.it,Male,108.207.28.188
710,Tiebold,Rowcliffe,trowcliffejp@privacy.gov.au,Male,176.186.247.49
711,Ronna,Nevett,rnevettjq@nih.gov,Female,11.136.208.162
712,Lucias,Gilbride,lgilbridejr@elpais.com,Male,238.236.148.18
713,Evy,Martland,emartlandjs@fastcompany.com,Female,16.243.50.97
714,Guthrey,Biesinger,gbiesingerjt@mlb.com,Male,123.112.3.40
715,Sabina,Lodder,slodderju@eepurl.com,Female,154.226.161.67
716,Honey,Steers,hsteersjv@g.co,Female,241.163.212.153
717,Chandal,Emblem,cemblemjw@jigsy.com,Female,203.167.67.50
718,Maurice,Kundert,mkundertjx@dropbox.com,Male,216.175.167.186
719,Adina,Meagh,ameaghjy@businesswire.com,Female,21.48.85.249
720,Kelley,Managh,kmanaghjz@pcworld.com,Male,208.175.174.112
721,Kristos,Kleinlerer,kkleinlererk0@youtube.com,Male,67.22.228.161
722,Neel,Baine,nbainek1@ft.com,Male,125.14.249.31
723,Isidoro,Tschiersch,itschierschk2@pbs.org,Non-binary,88.11.221.253
724,Meghan,Higginbottam,mhigginbottamk3@dropbox.com,Female,148.157.62.118
725,Tremaine,Androli,tandrolik4@phpbb.com,Male,34.4.102.150
726,Chanda,Jenk,cjenkk5@diigo.com,Female,112.255.6.187
727,Geri,Dunley,gdunleyk6@phoca.cz,Male,224.125.36.133
728,Brod,Skelhorn,bskelhornk7@wordpress.org,Male,236.146.143.119
729,Aksel,Lampl,alamplk8@nps.gov,Male,145.186.84.69
730,Ermanno,Nassie,enassiek9@tumblr.com,Male,39.121.96.39
731,Ingar,Kyngdon,ikyngdonka@delicious.com,Male,10.3.9.85
732,Ernestus,Aucoate,eaucoatekb@mozilla.org,Male,142.241.138.202
733,Ertha,Riggert,eriggertkc@amazon.co.uk,Female,169.77.255.25
734,Rod,Smallpeice,rsmallpeicekd@opera.com,Male,236.216.108.120
735,Sibella,Merrgan,smerrganke@soundcloud.com,Female,226.254.58.166
736,Damita,Baus,dbauskf@tamu.edu,Female,90.22.205.165
737,Adriana,Juden,ajudenkg@sitemeter.com,Female,130.222.59.107
738,Inger,Killingback,ikillingbackkh@nationalgeographic.com,Female,60.248.183.50
739,Cobb,Haine,chaineki@vkontakte.ru,Male,144.179.184.56
740,Norene,Durgan,ndurgankj@latimes.com,Bigender,111.49.165.108
741,Rudy,Labrenz,rlabrenzkk@so-net.ne.jp,Male,148.202.132.177
742,Lay,Eringey,leringeykl@smugmug.com,Male,1.162.35.90
743,Darbie,McKenzie,dmckenziekm@salon.com,Female,136.173.240.232
744,Rosabelle,Menure,rmenurekn@e-recht24.de,Genderfluid,147.213.75.10
745,Tynan,Eisikovitsh,teisikovitshko@java.com,Genderfluid,140.34.36.232
746,Prent,Matthias,pmatthiaskp@hexun.com,Male,73.150.67.11
747,Hermine,Manthroppe,hmanthroppekq@fastcompany.com,Female,244.200.32.26
748,Kial,Fortun,kfortunkr@virginia.edu,Female,209.37.186.80
749,Shalne,Corroyer,scorroyerks@studiopress.com,Female,199.119.154.137
750,Donia,Ygo,dygokt@arstechnica.com,Female,193.145.238.247
751,Rickard,Arnal,rarnalku@reference.com,Male,42.71.204.132
752,Olympia,Atchly,oatchlykv@pbs.org,Female,119.20.208.179
753,Helenelizabeth,Amar,hamarkw@t.co,Female,164.77.150.54
754,Tris,Olle,tollekx@woothemes.com,Male,63.50.80.242
755,Ottilie,Coo,ocooky@newyorker.com,Female,123.226.202.100
756,Solly,Pigny,spignykz@nbcnews.com,Male,209.233.123.134
757,Jackie,Binfield,jbinfieldl0@typepad.com,Female,177.238.190.185
758,Margaux,Benko,mbenkol1@youku.com,Female,188.53.41.248
759,Terrie,Rodliff,trodliffl2@google.co.jp,Female,136.205.191.137
760,Bathsheba,Edlestone,bedlestonel3@theglobeandmail.com,Female,188.140.172.251
761,Tonia,Eite,teitel4@t.co,Female,198.9.114.249
762,Hyatt,Bellord,hbellordl5@g.co,Male,212.236.231.16
763,Sloan,De Cleyne,sdecleynel6@elegantthemes.com,Male,216.88.81.92
764,Darill,Kirsch,dkirschl7@earthlink.net,Male,55.204.118.196
765,Jewelle,Andrusov,jandrusovl8@addthis.com,Female,134.211.239.196
766,Brett,Dormer,bdormerl9@bbc.co.uk,Female,65.135.231.246
767,Jourdain,Deavin,jdeavinla@reddit.com,Male,170.3.214.84
768,Milka,Pleat,mpleatlb@sfgate.com,Female,232.198.144.204
769,Haywood,Tempest,htempestlc@blogspot.com,Genderfluid,108.172.254.38
770,Damon,Todarello,dtodarellold@aol.com,Male,249.48.96.36
771,Pris,Dexter,pdexterle@purevolume.com,Non-binary,147.20.170.230
772,Arvie,Chevins,achevinslf@wiley.com,Male,49.102.126.254
773,Ossie,Spelman,ospelmanlg@multiply.com,Male,75.51.19.19
774,Brett,Denziloe,bdenziloelh@sitemeter.com,Genderfluid,92.170.76.247
775,Dana,Gwyer,dgwyerli@wordpress.org,Female,122.27.38.204
776,Brooke,Tuminelli,btuminellilj@nba.com,Agender,50.80.143.222
777,Teodorico,Lawlie,tlawlielk@chicagotribune.com,Male,143.157.252.184
778,Haywood,Lester,hlesterll@biblegateway.com,Male,235.51.42.204
779,Marybeth,Bidewel,mbidewellm@google.pl,Genderqueer,87.193.155.172
780,Griffie,Fradgley,gfradgleyln@dot.gov,Male,147.196.37.103
781,Pate,Worrell,pworrelllo@google.co.uk,Genderfluid,157.64.212.60
782,Doll,Addis,daddislp@who.int,Female,248.98.222.249
783,Tanya,Boxill,tboxilllq@patch.com,Female,83.73.196.211
784,Lewes,Dimmick,ldimmicklr@purevolume.com,Male,31.149.55.244
785,Abba,Matteacci,amatteaccils@statcounter.com,Male,114.128.100.172
786,Brigida,Axtell,baxtelllt@uol.com.br,Female,79.231.111.240
787,Alta,Heasly,aheaslylu@china.com.cn,Polygender,246.32.144.9
788,Humphrey,Macbeth,hmacbethlv@sakura.ne.jp,Male,186.61.128.198
789,Larry,Joselevitz,ljoselevitzlw@telegraph.co.uk,Male,0.117.97.255
790,Fianna,Botwood,fbotwoodlx@google.ca,Genderqueer,196.145.186.73
791,Jorie,Spurdens,jspurdensly@gizmodo.com,Genderqueer,61.177.212.140
792,Odelia,Stickler,osticklerlz@foxnews.com,Female,10.237.105.86
793,Patricia,Vatcher,pvatcherm0@wisc.edu,Female,249.94.40.120
794,Loni,Skoggings,lskoggingsm1@wordpress.org,Female,247.37.220.167
795,York,Oxtoby,yoxtobym2@wordpress.org,Male,41.133.248.117
796,Ara,Vaudre,avaudrem3@va.gov,Female,225.161.185.166
797,Siouxie,Livard,slivardm4@linkedin.com,Female,4.151.141.208
798,Rudolfo,Cankett,rcankettm5@hatena.ne.jp,Male,85.196.19.60
799,Ive,Tremayne,itremaynem6@gmpg.org,Male,226.170.97.34
800,Issy,McKew,imckewm7@ning.com,Female,7.199.164.4
801,Ethe,Adamec,eadamecm8@cargocollective.com,Male,15.9.121.13
802,Rosella,Gorry,rgorrym9@qq.com,Polygender,16.34.49.214
803,Kienan,Liverock,kliverockma@uol.com.br,Male,24.30.130.39
804,Fabio,Sewards,fsewardsmb@sohu.com,Male,223.17.194.72
805,Aurlie,Brisson,abrissonmc@mediafire.com,Female,207.233.177.103
806,Karola,Risely,kriselymd@si.edu,Female,90.69.253.145
807,Trina,Carberry,tcarberryme@pagesperso-orange.fr,Non-binary,188.205.99.177
808,Flss,Grushin,fgrushinmf@sphinn.com,Female,66.10.190.180
809,Bonny,Brokenshaw,bbrokenshawmg@nyu.edu,Bigender,34.136.75.56
810,Sayres,Kalberer,skalberermh@twitpic.com,Male,173.157.96.239
811,Janetta,Burridge,jburridgemi@va.gov,Female,185.217.21.243
812,Reinold,Kirimaa,rkirimaamj@opensource.org,Male,175.72.215.20
813,Bernadette,Leith,bleithmk@usda.gov,Female,116.54.79.22
814,Trever,Dunkerk,tdunkerkml@symantec.com,Male,177.131.200.149
815,Christopher,Maybury,cmayburymm@edublogs.org,Male,185.226.158.10
816,Fredrika,Wanne,fwannemn@domainmarket.com,Female,159.33.178.139
817,Harlene,Keaton,hkeatonmo@bloglines.com,Female,65.248.253.70
818,Rosetta,Cambden,rcambdenmp@yahoo.co.jp,Female,180.229.66.221
819,Maxie,Bradford,mbradfordmq@smugmug.com,Non-binary,93.19.73.212
820,Licha,Mityakov,lmityakovmr@exblog.jp,Female,84.58.217.75
821,Chris,Broadberry,cbroadberryms@dion.ne.jp,Male,24.229.164.218
822,Fred,de Castelain,fdecastelainmt@livejournal.com,Bigender,223.94.225.246
823,Ginger,Saberton,gsabertonmu@163.com,Female,67.217.142.235
824,Scotti,Stenet,sstenetmv@joomla.org,Male,163.219.93.242
825,Suzette,Perrelle,sperrellemw@webs.com,Female,217.249.26.173
826,Bartlet,Niessen,bniessenmx@privacy.gov.au,Male,71.158.37.62
827,Adriano,Lescop,alescopmy@adobe.com,Male,247.140.245.78
828,Helli,Gotcliff,hgotcliffmz@ebay.com,Female,24.130.89.111
829,Dagny,Downey,ddowneyn0@histats.com,Male,229.198.241.139
830,Shalom,Eliassen,seliassenn1@lycos.com,Male,229.30.196.160
831,Joshua,Magowan,jmagowann2@list-manage.com,Male,152.84.210.68
832,Stafford,Calcraft,scalcraftn3@ucla.edu,Male,70.60.245.212
833,May,Ivchenko,mivchenkon4@nytimes.com,Polygender,74.12.206.154
834,Poul,Gibbie,pgibbien5@forbes.com,Male,53.38.173.62
835,Kora,Vaudre,kvaudren6@usatoday.com,Female,215.146.40.87
836,Guy,Durak,gdurakn7@blogspot.com,Male,128.90.158.200
837,Eleanora,Concannon,econcannonn8@qq.com,Genderqueer,236.231.186.98
838,Elie,McGrann,emcgrannn9@examiner.com,Female,39.106.183.175
839,Rupert,Vigars,rvigarsna@printfriendly.com,Male,215.78.189.239
840,Cassaundra,Quickfall,cquickfallnb@issuu.com,Female,244.163.198.221
841,Avrom,Ruprechter,aruprechternc@godaddy.com,Male,252.161.213.183
842,Page,Epsly,pepslynd@mediafire.com,Non-binary,130.69.233.124
843,Jenifer,Darrigrand,jdarrigrandne@hibu.com,Female,120.201.58.150
844,Klaus,Ruprich,kruprichnf@acquirethisname.com,Male,136.37.208.12
845,Tildy,Erickssen,terickssenng@themeforest.net,Female,174.153.119.162
846,Hyacinthia,Browell,hbrowellnh@state.gov,Female,129.16.126.218
847,Nigel,Studman,nstudmanni@xinhuanet.com,Male,76.146.176.166
848,Jonell,Vasyaev,jvasyaevnj@irs.gov,Female,119.239.224.142
849,Richmound,Pitsall,rpitsallnk@mayoclinic.com,Male,107.167.45.96
850,Donetta,Dibdall,ddibdallnl@godaddy.com,Female,229.216.174.94
851,Delcina,Haddrill,dhaddrillnm@pen.io,Female,159.13.155.136
852,Wylie,Wallbanks,wwallbanksnn@networkadvertising.org,Male,94.155.9.9
853,Cozmo,Gostling,cgostlingno@fastcompany.com,Male,239.20.108.231
854,Bradford,Forgan,bforgannp@guardian.co.uk,Male,211.21.36.35
855,Sullivan,Rowaszkiewicz,srowaszkiewicznq@i2i.jp,Male,155.162.67.117
856,Andre,Donneely,adonneelynr@go.com,Polygender,133.89.37.170
857,Wiley,Stode,wstodens@ow.ly,Male,241.222.237.242
858,Larissa,Montague,lmontaguent@state.gov,Female,119.214.163.132
859,Dun,Saltrese,dsaltresenu@usnews.com,Genderfluid,48.205.214.238
860,Merle,Addinall,maddinallnv@google.com.br,Male,4.65.179.137
861,Arri,Tarren,atarrennw@epa.gov,Male,162.181.244.156
862,Amory,Learned,alearnednx@macromedia.com,Non-binary,227.201.212.211
863,Ferrell,Lukehurst,flukehurstny@bloglines.com,Male,222.202.57.13
864,Andras,Islep,aislepnz@soup.io,Male,238.85.189.242
865,Westleigh,Farrer,wfarrero0@xing.com,Male,181.240.65.100
866,Tatiana,Sawter,tsawtero1@fotki.com,Female,0.218.118.135
867,Haley,Luby,hlubyo2@ezinearticles.com,Male,121.254.114.221
868,Nickie,Deetlefs,ndeetlefso3@hc360.com,Male,71.160.199.125
869,Aleta,Brisbane,abrisbaneo4@godaddy.com,Female,106.163.75.42
870,Randall,Eyckelbeck,reyckelbecko5@intel.com,Male,69.248.114.182
871,Geoffrey,Kleinpeltz,gkleinpeltzo6@nymag.com,Male,25.120.250.68
872,Bealle,Rye,bryeo7@sitemeter.com,Male,42.195.182.247
873,Josie,Watton,jwattono8@lycos.com,Female,232.90.45.101
874,Nancee,Idle,nidleo9@soup.io,Female,1.9.95.140
875,Stesha,McGilben,smcgilbenoa@list-manage.com,Female,248.33.142.184
876,Earl,Durnin,edurninob@google.co.uk,Male,1.68.93.23
877,Parsifal,Farlow,pfarlowoc@abc.net.au,Male,189.80.47.233
878,Sheffield,Primmer,sprimmerod@smh.com.au,Male,179.68.150.10
879,Alain,Chatwood,achatwoodoe@qq.com,Male,136.66.76.127
880,Staci,Ibbotson,sibbotsonof@npr.org,Female,119.60.173.107
881,Berkeley,Eaves,beavesog@zimbio.com,Male,112.217.218.229
882,Anjanette,Bartali,abartalioh@prweb.com,Female,62.51.160.107
883,Bryanty,Seefus,bseefusoi@oakley.com,Male,229.176.8.183
884,Reena,Sunnex,rsunnexoj@gnu.org,Female,69.237.161.178
885,Reinaldos,Siward,rsiwardok@printfriendly.com,Male,202.236.220.14
886,Randolf,Walsham,rwalshamol@scribd.com,Male,120.14.224.206
887,Cesaro,Thame,cthameom@imageshack.us,Male,98.204.141.8
888,Mercy,Sandells,msandellson@army.mil,Female,9.201.161.123
889,Hans,Leetham,hleethamoo@pen.io,Male,101.211.74.214
890,Deonne,Brownbridge,dbrownbridgeop@opera.com,Polygender,81.247.1.162
891,Torre,Jarad,tjaradoq@feedburner.com,Male,252.89.72.148
892,Kelsey,Coatsworth,kcoatsworthor@theguardian.com,Genderfluid,188.150.168.213
893,Ignacio,Ravenshaw,iravenshawos@com.com,Male,180.10.174.236
894,Georgianne,Gouge,ggougeot@nbcnews.com,Female,224.157.116.74
895,Ted,Thraves,tthravesou@google.com.au,Male,115.126.98.91
896,Kirk,Jaqueminet,kjaqueminetov@fotki.com,Male,92.213.227.187
897,Melloney,Saterthwait,msaterthwaitow@webeden.co.uk,Female,222.43.208.94
898,Enid,MacGillreich,emacgillreichox@shop-pro.jp,Female,46.21.170.83
899,Ilysa,Barlthrop,ibarlthropoy@twitter.com,Female,205.47.60.72
900,Jemmy,Broek,jbroekoz@lulu.com,Female,140.85.87.20
901,Kari,Whitford,kwhitfordp0@bbb.org,Polygender,33.38.125.129
902,Jilleen,Grangier,jgrangierp1@noaa.gov,Female,37.3.53.79
903,Grayce,Meekins,gmeekinsp2@shinystat.com,Female,6.154.210.77
904,Jaquenette,O'Reilly,joreillyp3@nhs.uk,Female,175.174.215.77
905,Corbet,Gotcliffe,cgotcliffep4@cbslocal.com,Male,183.70.136.16
906,Chadwick,Sowrey,csowreyp5@dropbox.com,Male,70.246.218.145
907,Henrie,Basilone,hbasilonep6@jiathis.com,Female,170.164.82.154
908,Maury,McFayden,mmcfaydenp7@istockphoto.com,Male,6.24.113.228
909,Merna,Aslet,masletp8@reverbnation.com,Female,93.120.11.102
910,Humbert,Rubes,hrubesp9@nature.com,Male,252.1.241.175
911,Zenia,Alexandrescu,zalexandrescupa@engadget.com,Female,80.134.120.84
912,Arther,Hekkert,ahekkertpb@gov.uk,Male,164.137.63.29
913,Tamarah,Danilewicz,tdanilewiczpc@mediafire.com,Female,135.147.5.254
914,Betti,McGinney,bmcginneypd@themeforest.net,Female,63.235.136.140
915,Ervin,Gallichiccio,egallichicciope@elegantthemes.com,Genderfluid,106.49.122.30
916,Roxanna,Bellam,rbellampf@ehow.com,Female,122.119.177.218
917,Ammamaria,Grigson,agrigsonpg@utexas.edu,Bigender,110.88.95.252
918,Gerri,MacKaig,gmackaigph@mtv.com,Male,166.216.226.46
919,Willow,Verney,wverneypi@sbwire.com,Female,38.164.95.0
920,Amata,Bockings,abockingspj@a8.net,Female,64.230.249.240
921,Eloise,Thewless,ethewlesspk@canalblog.com,Female,165.149.66.58
922,Tova,Lutas,tlutaspl@weebly.com,Female,198.67.71.159
923,Kriste,Danilewicz,kdanilewiczpm@prweb.com,Female,232.136.180.19
924,Joshuah,MacConnell,jmacconnellpn@youku.com,Male,139.18.183.237
925,Roseline,Geratasch,rgerataschpo@histats.com,Female,189.158.14.114
926,Adriena,Cosbee,acosbeepp@engadget.com,Bigender,218.113.135.135
927,Zondra,Friatt,zfriattpq@simplemachines.org,Female,37.186.42.15
928,Skelly,Zanazzi,szanazzipr@smh.com.au,Male,245.109.147.17
929,Neala,Hall,nhallps@gov.uk,Female,163.120.189.161
930,Morna,Floweth,mflowethpt@thetimes.co.uk,Female,71.100.57.58
931,Clemmy,Searson,csearsonpu@arstechnica.com,Male,83.65.108.239
932,Alla,Rantoull,arantoullpv@amazon.co.uk,Female,149.107.131.133
933,Cymbre,Berthomieu,cberthomieupw@exblog.jp,Female,182.191.102.148
934,Lovell,Bradberry,lbradberrypx@smh.com.au,Male,221.118.218.116
935,Angelico,Austing,aaustingpy@oaic.gov.au,Male,145.150.227.12
936,Moses,Ratledge,mratledgepz@instagram.com,Male,9.54.138.165
937,Kyle,Drayton,kdraytonq0@quantcast.com,Female,38.124.121.141
938,Gay,Honatsch,ghonatschq1@ucoz.ru,Male,211.114.209.53
939,Holly-anne,Ivantyev,hivantyevq2@comsenz.com,Female,139.8.232.123
940,Cassi,Trighton,ctrightonq3@theglobeandmail.com,Female,58.201.50.91
941,Jermain,Mitchard,jmitchardq4@phpbb.com,Male,181.18.45.65
942,Pearline,Sussems,psussemsq5@google.ca,Female,180.147.217.97
943,Alonso,Giannassi,agiannassiq6@intel.com,Male,101.53.172.60
944,Celine,Dring,cdringq7@plala.or.jp,Female,114.68.137.189
945,Payton,Rapper,prapperq8@multiply.com,Non-binary,220.69.79.101
946,Angela,Morrall,amorrallq9@i2i.jp,Female,249.1.225.161
947,Dolf,Denslow,ddenslowqa@blogtalkradio.com,Male,152.160.129.180
948,Letti,Phillip,lphillipqb@naver.com,Female,156.124.149.70
949,Toddy,Thackwray,tthackwrayqc@toplist.cz,Male,213.87.135.48
950,Raquel,Salomon,rsalomonqd@biglobe.ne.jp,Bigender,101.135.129.27
951,Ezekiel,Billborough,ebillboroughqe@washingtonpost.com,Male,219.73.97.139
952,Teddie,Fiddiman,tfiddimanqf@oakley.com,Female,4.180.184.25
953,Arda,Lendon,alendonqg@usnews.com,Female,67.138.225.29
954,Red,Onion,ronionqh@prnewswire.com,Genderqueer,113.155.73.192
955,Nikos,Spaduzza,nspaduzzaqi@nasa.gov,Agender,234.1.96.246
956,Christos,Estoile,cestoileqj@webs.com,Male,182.146.213.90
957,Bennett,Filipczynski,bfilipczynskiqk@hhs.gov,Male,193.246.199.179
958,April,Pantecost,apantecostql@issuu.com,Female,202.218.194.83
959,Skippie,Stelljes,sstelljesqm@studiopress.com,Male,106.99.139.210
960,Ronnica,Ohlsen,rohlsenqn@statcounter.com,Female,196.130.169.117
961,Nikolia,Beautyman,nbeautymanqo@sciencedaily.com,Female,173.174.9.131
962,Jodie,Dorracott,jdorracottqp@japanpost.jp,Bigender,7.1.148.110
963,Flory,Chidler,fchidlerqq@people.com.cn,Female,200.120.173.189
964,Louise,Evetts,levettsqr@ow.ly,Female,49.247.172.224
965,Morgan,Ales0,malesqs@sitemeter.com,Male,216.195.3.252
966,Amble,Sexti,asextiqt@si.edu,Male,252.46.169.230
967,Antonia,Bellenger,abellengerqu@businessinsider.com,Female,100.199.96.134
968,Tome,Fishe,tfisheqv@spotify.com,Male,224.68.69.74
969,Joane,Espinha,jespinhaqw@livejournal.com,Female,194.140.180.44
970,Theo,Mullinger,tmullingerqx@marriott.com,Female,119.154.28.17
971,Jenine,Playfoot,jplayfootqy@drupal.org,Agender,54.107.163.135
972,Alisander,Fenton,afentonqz@squarespace.com,Male,142.85.69.180
973,Michaela,Shackleford,mshacklefordr0@unc.edu,Female,4.62.200.121
974,Wendell,Chape,wchaper1@tumblr.com,Male,115.205.242.122
975,Ardella,Skein,askeinr2@soup.io,Female,245.221.23.36
976,Alanson,Colborn,acolbornr3@mozilla.com,Male,11.183.147.113
977,Chiquita,Almond,calmondr4@seesaa.net,Female,186.220.156.189
978,Josephine,Asbery,jasberyr5@list-manage.com,Female,187.246.235.218
979,Walker,Yusupov,wyusupovr6@businesswire.com,Male,18.160.55.153
980,Maribel,Stokes,mstokesr7@adobe.com,Female,89.167.80.231
981,Lucas,Sygrove,lsygrover8@nhs.uk,Agender,97.15.190.1
982,Hildy,Rykert,hrykertr9@yale.edu,Female,82.12.117.252
983,Gran,Malloy,gmalloyra@4shared.com,Male,14.199.247.67
984,Ingrid,McKay,imckayrb@patch.com,Female,19.174.84.28
985,Clari,Pashby,cpashbyrc@github.io,Female,145.185.129.102
986,Ryann,Tydd,rtyddrd@paginegialle.it,Female,100.158.184.7
987,Regina,Sexton,rsextonre@abc.net.au,Female,252.225.48.214
988,Anastasia,Drohane,adrohanerf@taobao.com,Agender,76.229.170.230
989,Ajay,LAbbet,alabbetrg@skype.com,Female,88.160.57.180
990,Pierrette,Turrill,pturrillrh@blogs.com,Non-binary,69.117.223.145
991,Cinnamon,Eliez,celiezri@umich.edu,Female,227.132.19.160
992,Darwin,Barkway,dbarkwayrj@shop-pro.jp,Male,241.128.204.178
993,Bertina,MacConnell,bmacconnellrk@ucsd.edu,Female,55.178.215.20
994,Pascale,Mount,pmountrl@bing.com,Male,93.156.224.250
995,Cass,Gniewosz,cgniewoszrm@fda.gov,Female,57.75.1.223
996,Care,Duncan,cduncanrn@sohu.com,Non-binary,198.227.11.35
997,Barnabas,Brewitt,bbrewittro@theatlantic.com,Male,50.232.148.219
998,Carleen,Parfitt,cparfittrp@lulu.com,Non-binary,80.148.82.178
999,Winni,Blench,wblenchrq@newsvine.com,Female,111.232.251.115
1000,Meta,Frie,mfrierr@comcast.net,Female,104.61.2.16
